{
  "World" : {
    ".type" : 0,
    "children" : {
      "Entities" : {
        ".type" : 0,
        "children" : {
          "Crate" : {
            ".type" : 1,
            "data" : {
              ".model" : 0,
              "pos" : [-18.750000, -22.000000, 8.750000],
              "rot" : [0.000000, 29.000000, 12.000000],
              "scale" : 16.250000
            }
          },
          "Stall" : {
            ".type" : 1,
            "data" : {
              ".model" : 2,
              "pos" : [-69.250000, -57.250000, -1.500000],
              "rot" : [90.000000, 0.000000, 0.000000],
              "scale" : 2.000000
            }
          }
        },
        "data" : null
      },
      "Terrain" : {
        ".type" : 2,
        "data" : {
          "pos" : [0.000000, 0.000000, 0.000000],
          "rot" : [0.000000, 0.000000, 0.000000],
          "scale" : 1.000000
        }
      }
    },
    "data" : null
  }
}